generate05,generate10,generate20
"3 areeaved for Americar IndiCe.
J.TM1PN3T ASDINTS BoTN1TSYOEWYGO. .Ce TGtaws, jour myselfos its phic","European reachive but the latter every year, ""Norths it sufferings. But
they are at once in a negro ","*e The different of the principle of the other hand, and in the same time to success that they have "
"82:w,""factives--Tuture remnants impotents my immensis unNovilized; their tlanling mon thishuiftustui","5,338,990 whitest in the substitutions science of the several States have contributed to direct befo","9, the supreme power, and the progressive constantly displayed the consequences of the States of the"
"hage Cures (Lety-""Wal in stocpationnes, or in dange-yiue?]]; See States--Informated will that: 2s.
T","Ke.  The
public supportment has
acknowledged upon his exertions in which fulls all this expedient; t","European benefits. It is the only of the laws of the United States
than that of
the past with the me"
"veys.-Creitting as well.
-Law Ilbear.: Nos, whichies explorsisumattent, ""inlished--That Ebntat--This","quent or rase from the eyes of the waters of
these who
should not be confined admiting their
hutable",States and the last for the rest; and the laws of the Union and the constitutions of this agreementa
"Zmself. On, submitted;
sleet frueties; no legeliquees NRiflicg
 Rise Picsing.
Two lraugtoss) opinion","Mowever it ought not, you attained in the
characters of
the United States; the liberties of the coun",% a democracy in the world. The only one which they have been represented and the community with the
