complete,generate0,generate05,generate10,generate20
United States nited States are the representatives of the presen,y the present of the United St,"!SON J3,7350
.7-aLwast! p arbi","crain can be dequarement, it i",Yith the authority of the Unit
United States nited States are the representatives of the presen,le the community in ,"Hkthoou, togals/und ","488.]


Net of Fanna",Euristics of the pow
United States nited States are the representatives of the presen,in the present of the United States are the representatives ,"-2Bido:-Ambusismsts Stiwf, I stnow, in
efon; frowfeet tamin,","663.]
[In America, rate,
and to be elloggess with this
men, ","Lition than a country, and its natural influence of the same"
United States nited States are the representatives of the presen,in the present of the United States are the representatives ,"-2Bido:-Ambusismsts Stiwf, I stnow, in
efon; frowfeet tamin,","663.]
[In America, rate,
and to be elloggess with this
men, ","Lition than a country, and its natural influence of the same"
United States nited States the present day the present day the p,s of the Union and the contrar,"XXV,5ECwOOFQ:-m as wervatiby t","at Ewilf, he is basined, it wi",f the States and the simply of
United States nited States the present day the present day the p,"683, 1833, the Ameri","e great
sidvang
e22,",auses as well as the,judicial institution
United States nited States the present day the present day the p,In the Union and the contrary of the State of the Union and ," it, suy you rade aortaqueful.]
NuKarvanqusiouuss Wilgqueo,?","﻿izan sovereignty of this institutions and society in
the ne",Relative States the State of the Southern States of the Stat
United States nited States the present day the present day the p,In the Union and the contrary of the State of the Union and ," it, suy you rade aortaqueful.]
NuKarvanqusiouuss Wilgqueo,?","﻿izan sovereignty of this institutions and society in
the ne",Relative States the State of the Southern States of the Stat
United States nion the principles of the people is the rest of t,90 to the same principles of t,"qaimoun; or-meir?
w
Pivin, 2,,",@resars that the salarial batt,"conduct confirs in the law
wit"
United States nion the principles of the people is the rest of t,Federal Constitution,"federal
ecjus. ThIs ","Enduscione, is such ",/direction of the na
United States nion the principles of the people is the rest of t,and the present day the present day the present day the pres,"qT man more
Donot to 1,760 ocpsbfell.
dons.""]) In Vapacyong ",American power. The instruction day for instance. Her. Nover,"Massachusetts, and the exigencies of the United States have "
United States nion the principles of the people is the rest of t,and the present day the present day the present day the pres,"qT man more
Donot to 1,760 ocpsbfell.
dons.""]) In Vapacyong ",American power. The instruction day for instance. Her. Nover,"Massachusetts, and the exigencies of the United States have "
United States nited States is the same time the same time the sa,States is the same time the sa,"to
co thes
enterliff buttilsth",y remains before were interest,"2, 1831, p. 140. It is to be a"
United States nited States is the same time the same time the sa,n the present day th,y without northerrin,Ests into settlement,*q In France the pri
United States nited States is the same time the same time the sa,"1830, the Americans are considered in the United States the ","Nevultif. In sotia,, for circus
destirent way
is rogettteon7","K West, a detect of continuing its to
the details of Kent. T",nity of the province of the pleasures of the constitution of
United States nited States is the same time the same time the sa,"1830, the Americans are considered in the United States the ","Nevultif. In sotia,, for circus
destirent way
is rogettteon7","K West, a detect of continuing its to
the details of Kent. T",nity of the province of the pleasures of the constitution of
United States nited States is a single individual is a considera,nt in the United States are th,"Satistained (DIviN;.
ar
""gpani",Representatives which has grea, of the several power of the r
United States nited States is a single individual is a considera,may be added the sam,Founde;-his owenwy's,hen an Imiduance the,lation of the United
United States nited States is a single individual is a considera,the principle of the people is the same result from the pres,"men.--$10(27,585 down acceleptweensy,"" vi.w,
courmever porti","License size, does not suffice to countain what was general,",781; and the government of the United States was always been
United States nited States is a single individual is a considera,the principle of the people is the same result from the pres,"men.--$10(27,585 down acceleptweensy,"" vi.w,
courmever porti","License size, does not suffice to countain what was general,",781; and the government of the United States was always been
United States nited States the same time in the same causes whic,he same time the same time in ,"Butunatimat France
critimmst),",y habits seemed they are the m,--In the notions of the soil w
United States nited States the same time in the same causes whic,n the same time in t,t wassad6-71mpecuted,831. See presents it,""" for a time in the "
United States nited States the same time in the same causes whic,"31,000 inhabitants of the States which is the same time in t","00 kins, inrain
Spires; wilic; FuFency
. .,i.z,
""choctamity.","ifficuet expresses, but unequally with Mr. d sith clauses. B","judicial exertions, because the courts of the Southern State"
United States nited States the same time in the same causes whic,"31,000 inhabitants of the States which is the same time in t","00 kins, inrain
Spires; wilic; FuFency
. .,i.z,
""choctamity.","ifficuet expresses, but unequally with Mr. d sith clauses. B","judicial exertions, because the courts of the Southern State"
United States nion are the reason of the people in the United St,North America the proportion o,"ld-colach; s,cpeal
d
 It rerec","y shore, in which the
members ",quality over the constitution 
United States nion are the reason of the people in the United St,"'s ""Letters of the U","X*I*p
yhan,
Qury to ",650 that minute a kn,1800 the Union are t
United States nion are the reason of the people in the United St,n the same political institutions of the United States is th,"Ssin
Frotquations,
and Federal. Bukeens by public Lepsensite","Geverther English State. At the limits, the first existence ","50, which I have settled the interests of the American solit"
United States nion are the reason of the people in the United St,n the same political institutions of the United States is th,"Ssin
Frotquations,
and Federal. Bukeens by public Lepsensite","Geverther English State. At the limits, the first existence ","50, which I have settled the interests of the American solit"
