generate00,generate05,generate10,generate20
Secretary of States are the only an individual is the same property in the United States is a state ,"Secretary of States)..

withry; intren(unoudact
one bayor
than directealouse.
U 84 in 279"" modigeous","Secretary of States is it divided into the United States is, that as a single but a commercial
influ",Secretary of States in the United States are intended to the majority of the people in the same pros
Secretary of States are the only an individual is the same property in the United States is a state ,"Secretary of States. ""Mewique without irpagnegoum]a,
cultiple placem:
if it has one trote
is perpetu","Secretary of States.""]



 Clrigtriglaned, that which give tyote intimate partesh separate years
and","Secretary of States--Part II

In the United States, the Americans of society to portious state, and "
Secretary of States are the only an individual is the same property in the United States is a state ,"Secretary of States. (disufwads budgst seizue:
up politignfy
of
thin
weak. Calmer.]]


[Foomnote A: ",Secretary of States Of The War is annually premardaly wild administration; religion. But the America,"Secretary of States are unable to style practice
than it is therefore necessary to consider the trut"
Secretary of States are the only an individual is the same property in the United States is a state ,"Secretary of States to Poute) hzise usins xequiptors;
*s?: als immenseild to its rane si uneraliging","Secretary of States carte A: The State Of Their Tex
""Town Republic Principles Project Gutenberg-tm L",Secretary of States; *g and persons which are accustomed to supply their traditions. The sole reader
Secretary of States are the only an individual is the same property in the United States is a state ,"Secretary of States and
Northern EGena
:, 7) inqamtugg;
labbutous sold Ohix bying wayting-thfy. sype","Secretary of States."") The public deliby of their
restily may advance. The Equator's cauthids: I sha","Secretary of States is prosperity. If he is one of the uncertain parties
which the government of the"
